{
    "category": "Metadata",
    "changelog": "#66 Bryan792: Fixed error that prevented local metadata from being used. #105 nalsai: Updated the provider name #107 nalsai: Improved some util methods.\n",
    "description": "Provides YouTube metadata from the YouTube API and Youtube-dl metadata files.",
    "guid": "b4b4353e-dc57-4398-82c1-de9079e7146a",
    "name": "YouTube Metadata",
    "overview": "YouTube metadata provider",
    "owner": "ankenyr",
    "targetAbi": "10.9.1.0",
    "timestamp": "2024-05-25T23:24:21Z",
    "version": "1.0.3.10"
}